{"cameraMode":{"drawMode":0,"name":"Shaded","section":"Shading Mode"},"sceneLighting":false,"audioPlay":false,"sceneViewState":{"m_AlwaysRefresh":true,"showFog":true,"showSkybox":false,"showFlares":true,"showImageEffects":true,"showParticleSystems":true,"showVisualEffectGraphs":true,"m_FxEnabled":true},"in2DMode":false,"pivot":{"x":0.03999730944633484,"y":0.9023236036300659,"z":0.2830398678779602},"rotation":{"x":-0.12299686670303345,"y":0.0035703144967556,"z":-0.0004423460050020367,"w":-0.992402195930481},"size":1.2792173624038697,"orthographic":false}