{"cameraMode":{"drawMode":0,"name":"Shaded","section":"Shading Mode"},"sceneLighting":true,"audioPlay":false,"sceneViewState":{"m_AlwaysRefresh":true,"showFog":true,"showSkybox":true,"showFlares":true,"showImageEffects":true,"showParticleSystems":true,"showVisualEffectGraphs":true,"m_FxEnabled":true},"in2DMode":false,"pivot":{"x":-0.012497235089540482,"y":1.5830466747283936,"z":-0.08534498512744904},"rotation":{"x":-0.12299686670303345,"y":0.0035703144967556,"z":-0.0004423460050020367,"w":-0.992402195930481},"size":0.26186519861221316,"orthographic":false}