{"cameraMode":{"drawMode":0,"name":"Shaded","section":"Shading Mode"},"sceneLighting":false,"audioPlay":false,"sceneViewState":{"m_AlwaysRefresh":true,"showFog":true,"showSkybox":false,"showFlares":true,"showImageEffects":true,"showParticleSystems":true,"showVisualEffectGraphs":true,"m_FxEnabled":true},"in2DMode":false,"pivot":{"x":0.4578847885131836,"y":1.481502652168274,"z":0.18313392996788026},"rotation":{"x":-0.05839415639638901,"y":0.6634126901626587,"z":-0.052057959139347079,"w":-0.7441555261611939},"size":1.135238528251648,"orthographic":false}